trial,width,height,density,mode,ok,ms,expansions,path_cells
0,100,100,0.1,dijkstra,True,34.4376,8996,198
0,100,100,0.1,astar,True,29.163,7606,198
0,100,100,0.1,jps4,True,17.6827,2311,198
1,100,100,0.1,dijkstra,True,32.7378,8977,198
1,100,100,0.1,astar,True,29.8178,7787,198
1,100,100,0.1,jps4,True,18.8212,2395,198
2,100,100,0.1,dijkstra,True,31.6037,9022,198
2,100,100,0.1,astar,True,30.3174,8163,198
2,100,100,0.1,jps4,True,17.4397,2347,198
3,100,100,0.1,dijkstra,True,35.7321,9020,199
3,100,100,0.1,astar,True,31.6415,7625,199
3,100,100,0.1,jps4,True,18.6707,2258,199
4,100,100,0.1,dijkstra,True,33.1542,8954,201
4,100,100,0.1,astar,True,34.8107,8752,201
4,100,100,0.1,jps4,True,22.7914,2977,201
5,100,100,0.1,dijkstra,True,30.4585,8962,198
5,100,100,0.1,astar,True,29.9278,7886,198
5,100,100,0.1,jps4,True,17.5864,2329,198
6,100,100,0.1,dijkstra,True,33.4389,8994,199
6,100,100,0.1,astar,True,30.3079,7825,199
6,100,100,0.1,jps4,True,17.7767,2309,199
7,100,100,0.1,dijkstra,True,38.6285,8974,199
7,100,100,0.1,astar,True,38.8014,7372,199
7,100,100,0.1,jps4,True,22.5461,2161,199
8,100,100,0.1,dijkstra,True,31.1883,8960,199
8,100,100,0.1,astar,True,30.0444,7497,199
8,100,100,0.1,jps4,True,20.2378,2302,199
9,100,100,0.1,dijkstra,True,32.7087,8965,199
9,100,100,0.1,astar,True,30.2722,7890,199
9,100,100,0.1,jps4,True,17.7441,2397,199
10,100,100,0.1,dijkstra,True,32.7944,9016,199
10,100,100,0.1,astar,True,29.7741,7965,199
10,100,100,0.1,jps4,True,18.572,2316,199
11,100,100,0.1,dijkstra,True,32.4065,9010,199
11,100,100,0.1,astar,True,30.6871,7990,199
11,100,100,0.1,jps4,True,16.9915,2246,199
12,100,100,0.1,dijkstra,True,31.5593,8978,199
12,100,100,0.1,astar,True,30.4271,7861,199
12,100,100,0.1,jps4,True,19.6581,2436,199
13,100,100,0.1,dijkstra,True,31.0484,9024,199
13,100,100,0.1,astar,True,33.8317,7972,199
13,100,100,0.1,jps4,True,19.3595,2383,199
14,100,100,0.1,dijkstra,True,31.7844,8933,199
14,100,100,0.1,astar,True,28.5798,7662,199
14,100,100,0.1,jps4,True,18.7239,2428,199
15,100,100,0.1,dijkstra,True,31.786,8976,199
15,100,100,0.1,astar,True,28.8451,7708,199
15,100,100,0.1,jps4,True,19.4753,2361,199
16,100,100,0.1,dijkstra,True,34.613,9006,199
16,100,100,0.1,astar,True,29.6111,7909,199
16,100,100,0.1,jps4,True,19.5206,2431,199
17,100,100,0.1,dijkstra,True,32.0803,8985,199
17,100,100,0.1,astar,True,31.6777,8163,199
17,100,100,0.1,jps4,True,19.158,2463,199
18,100,100,0.1,dijkstra,True,31.6985,9011,199
18,100,100,0.1,astar,True,30.4687,7973,199
18,100,100,0.1,jps4,True,19.0435,2362,199
19,100,100,0.1,dijkstra,True,31.5329,9032,199
19,100,100,0.1,astar,True,29.9694,8008,199
19,100,100,0.1,jps4,True,18.7535,2303,199
20,100,100,0.1,dijkstra,True,30.4648,9000,199
20,100,100,0.1,astar,True,30.8348,7720,199
20,100,100,0.1,jps4,True,18.2801,2298,199
21,100,100,0.1,dijkstra,True,33.4324,8984,199
21,100,100,0.1,astar,True,29.515,7666,199
21,100,100,0.1,jps4,True,18.9681,2326,199
22,100,100,0.1,dijkstra,True,32.3662,8987,199
22,100,100,0.1,astar,True,30.3396,7937,199
22,100,100,0.1,jps4,True,17.9937,2273,199
23,100,100,0.1,dijkstra,True,31.0096,8980,199
23,100,100,0.1,astar,True,30.6316,8028,199
23,100,100,0.1,jps4,True,18.8078,2413,199
24,100,100,0.1,dijkstra,True,31.4035,9005,199
24,100,100,0.1,astar,True,29.0687,7495,199
24,100,100,0.1,jps4,True,18.0292,2225,199
25,100,100,0.1,dijkstra,True,30.4059,8929,199
25,100,100,0.1,astar,True,32.7418,8675,199
25,100,100,0.1,jps4,True,21.6697,2894,199
26,100,100,0.1,dijkstra,True,32.9029,8925,197
26,100,100,0.1,astar,True,30.539,8011,197
26,100,100,0.1,jps4,True,18.0441,2494,197
27,100,100,0.1,dijkstra,True,31.6171,8949,199
27,100,100,0.1,astar,True,29.3825,7673,199
27,100,100,0.1,jps4,True,18.1493,2321,199
28,100,100,0.1,dijkstra,True,31.5085,9065,199
28,100,100,0.1,astar,True,30.9841,8206,199
28,100,100,0.1,jps4,True,17.9248,2270,199
29,100,100,0.1,dijkstra,True,31.0253,9015,199
29,100,100,0.1,astar,True,30.2352,8067,199
29,100,100,0.1,jps4,True,18.6569,2342,199
0,100,100,0.15,dijkstra,True,29.7588,8443,200
0,100,100,0.15,astar,True,23.657,6406,200
0,100,100,0.15,jps4,True,16.8423,2501,200
1,100,100,0.15,dijkstra,True,30.4397,8496,198
1,100,100,0.15,astar,True,24.3075,6029,198
1,100,100,0.15,jps4,True,15.4858,2276,198
2,100,100,0.15,dijkstra,True,28.7998,8523,198
2,100,100,0.15,astar,True,24.0205,6036,198
2,100,100,0.15,jps4,True,15.6911,2334,198
3,100,100,0.15,dijkstra,True,28.8661,8554,201
3,100,100,0.15,astar,True,23.2644,6067,201
3,100,100,0.15,jps4,True,15.4005,2277,201
4,100,100,0.15,dijkstra,True,30.0823,8501,199
4,100,100,0.15,astar,True,26.762,7107,199
4,100,100,0.15,jps4,True,18.4537,2742,199
5,100,100,0.15,dijkstra,True,31.0173,8530,199
5,100,100,0.15,astar,True,24.7902,6584,199
5,100,100,0.15,jps4,True,17.0129,2461,199
6,100,100,0.15,dijkstra,True,44.9467,8462,199
6,100,100,0.15,astar,True,23.4555,6264,199
6,100,100,0.15,jps4,True,16.6213,2465,199
7,100,100,0.15,dijkstra,True,28.5505,8414,199
7,100,100,0.15,astar,True,25.5891,6845,199
7,100,100,0.15,jps4,True,18.831,2845,199
8,100,100,0.15,dijkstra,True,29.5574,8455,199
8,100,100,0.15,astar,True,22.7491,5845,199
8,100,100,0.15,jps4,True,14.7777,2284,199
9,100,100,0.15,dijkstra,True,28.2857,8447,199
9,100,100,0.15,astar,True,27.3048,7043,199
9,100,100,0.15,jps4,True,19.1754,2746,199
10,100,100,0.15,dijkstra,True,28.42,8494,199
10,100,100,0.15,astar,True,27.5206,7198,199
10,100,100,0.15,jps4,True,18.4335,2775,199
11,100,100,0.15,dijkstra,True,34.7898,8472,199
11,100,100,0.15,astar,True,25.3844,6333,199
11,100,100,0.15,jps4,True,18.6212,2426,199
12,100,100,0.15,dijkstra,True,33.2517,8485,199
12,100,100,0.15,astar,True,26.4827,6384,199
12,100,100,0.15,jps4,True,17.9744,2478,199
13,100,100,0.15,dijkstra,True,29.3244,8485,199
13,100,100,0.15,astar,True,22.8476,5897,199
13,100,100,0.15,jps4,True,15.6463,2257,199
14,100,100,0.15,dijkstra,True,28.9786,8535,197
14,100,100,0.15,astar,True,25.1799,6794,197
14,100,100,0.15,jps4,True,17.7054,2627,197
15,100,100,0.15,dijkstra,True,29.4164,8456,200
15,100,100,0.15,astar,True,29.5285,7279,200
15,100,100,0.15,jps4,True,20.3317,3049,200
16,100,100,0.15,dijkstra,True,28.9207,8459,200
16,100,100,0.15,astar,True,22.9671,6288,200
16,100,100,0.15,jps4,True,16.5694,2450,200
17,100,100,0.15,dijkstra,True,28.867,8441,198
17,100,100,0.15,astar,True,24.3799,6186,198
17,100,100,0.15,jps4,True,16.451,2410,198
18,100,100,0.15,dijkstra,True,29.4704,8512,198
18,100,100,0.15,astar,True,22.013,5829,198
18,100,100,0.15,jps4,True,15.6607,2274,198
19,100,100,0.15,dijkstra,True,28.54,8477,198
19,100,100,0.15,astar,True,25.1498,6304,198
19,100,100,0.15,jps4,True,17.8429,2559,198
20,100,100,0.15,dijkstra,True,29.417,8566,199
20,100,100,0.15,astar,True,23.8986,6261,199
20,100,100,0.15,jps4,True,14.7818,2323,199
21,100,100,0.15,dijkstra,True,28.368,8497,199
21,100,100,0.15,astar,True,22.2148,5998,199
21,100,100,0.15,jps4,True,15.5036,2271,199
22,100,100,0.15,dijkstra,True,29.397,8503,199
22,100,100,0.15,astar,True,24.3913,6327,199
22,100,100,0.15,jps4,True,16.6001,2457,199
23,100,100,0.15,dijkstra,True,29.8686,8550,198
23,100,100,0.15,astar,True,26.5349,6876,198
23,100,100,0.15,jps4,True,19.9317,2563,198
24,100,100,0.15,dijkstra,True,29.3292,8490,199
24,100,100,0.15,astar,True,24.8375,6395,199
24,100,100,0.15,jps4,True,16.7495,2367,199
25,100,100,0.15,dijkstra,True,28.4255,8506,199
25,100,100,0.15,astar,True,23.7752,6412,199
25,100,100,0.15,jps4,True,17.3545,2580,199
26,100,100,0.15,dijkstra,True,28.5046,8442,199
26,100,100,0.15,astar,True,26.3873,6918,199
26,100,100,0.15,jps4,True,18.3801,2689,199
27,100,100,0.15,dijkstra,True,30.0739,8513,198
27,100,100,0.15,astar,True,23.616,6209,198
27,100,100,0.15,jps4,True,16.5207,2366,198
28,100,100,0.15,dijkstra,True,28.6648,8480,199
28,100,100,0.15,astar,True,24.9481,6652,199
28,100,100,0.15,jps4,True,18.0248,2682,199
29,100,100,0.15,dijkstra,True,31.1275,8524,199
29,100,100,0.15,astar,True,24.5808,6426,199
29,100,100,0.15,jps4,True,16.5505,2468,199
0,100,100,0.2,dijkstra,True,29.8787,8022,199
0,100,100,0.2,astar,True,21.4514,5441,199
0,100,100,0.2,jps4,True,16.0805,2486,199
1,100,100,0.2,dijkstra,True,26.5689,7943,199
1,100,100,0.2,astar,True,14.7552,4037,199
1,100,100,0.2,jps4,True,11.3546,1833,199
2,100,100,0.2,dijkstra,True,27.3011,8024,199
2,100,100,0.2,astar,True,18.9893,5206,199
2,100,100,0.2,jps4,True,14.775,2371,199
3,100,100,0.2,dijkstra,True,26.6811,7944,198
3,100,100,0.2,astar,True,17.6095,4715,198
3,100,100,0.2,jps4,True,14.1878,2165,198
4,100,100,0.2,dijkstra,True,27.2519,7979,202
4,100,100,0.2,astar,True,17.2102,4620,202
4,100,100,0.2,jps4,True,12.9087,2034,202
5,100,100,0.2,dijkstra,True,29.3501,7984,198
5,100,100,0.2,astar,True,19.474,5081,198
5,100,100,0.2,jps4,True,13.9214,2298,198
6,100,100,0.2,dijkstra,True,27.3129,7970,199
6,100,100,0.2,astar,True,21.4452,5532,199
6,100,100,0.2,jps4,True,15.957,2606,199
7,100,100,0.2,dijkstra,True,26.1964,7937,194
7,100,100,0.2,astar,True,17.2115,4460,194
7,100,100,0.2,jps4,True,12.5495,1977,194
8,100,100,0.2,dijkstra,True,27.8885,8053,199
8,100,100,0.2,astar,True,20.2021,5227,199
8,100,100,0.2,jps4,True,14.5504,2318,199
9,100,100,0.2,dijkstra,True,28.0127,7976,199
9,100,100,0.2,astar,True,22.4366,6008,199
9,100,100,0.2,jps4,True,17.824,2707,199
10,100,100,0.2,dijkstra,True,26.6337,7922,199
10,100,100,0.2,astar,True,20.2746,5355,199
10,100,100,0.2,jps4,True,15.0554,2462,199
11,100,100,0.2,dijkstra,True,26.8832,8042,202
11,100,100,0.2,astar,True,28.3286,6943,202
11,100,100,0.2,jps4,True,23.2888,3549,202
12,100,100,0.2,dijkstra,True,26.9407,7910,199
12,100,100,0.2,astar,True,22.6993,5945,199
12,100,100,0.2,jps4,True,20.7655,2857,199
13,100,100,0.2,dijkstra,True,26.3508,8029,197
13,100,100,0.2,astar,True,22.9296,6232,197
13,100,100,0.2,jps4,True,19.0996,2890,197
14,100,100,0.2,dijkstra,True,27.8785,7876,198
14,100,100,0.2,astar,True,19.6311,5243,198
14,100,100,0.2,jps4,True,15.3059,2399,198
15,100,100,0.2,dijkstra,True,27.2616,7943,198
15,100,100,0.2,astar,True,15.5805,4161,198
15,100,100,0.2,jps4,True,11.8425,1939,198
16,100,100,0.2,dijkstra,True,26.2887,7912,199
16,100,100,0.2,astar,True,24.0676,6470,199
16,100,100,0.2,jps4,True,21.7947,3523,199
17,100,100,0.2,dijkstra,True,26.5665,7963,199
17,100,100,0.2,astar,True,16.1895,4359,199
17,100,100,0.2,jps4,True,14.0905,2031,199
18,100,100,0.2,dijkstra,True,34.5717,7993,197
18,100,100,0.2,astar,True,21.1172,5647,197
18,100,100,0.2,jps4,True,16.7008,2654,197
19,100,100,0.2,dijkstra,True,28.1655,7989,199
19,100,100,0.2,astar,True,15.318,4207,199
19,100,100,0.2,jps4,True,13.0762,1952,199
20,100,100,0.2,dijkstra,True,26.6495,7927,199
20,100,100,0.2,astar,True,17.9293,4896,199
20,100,100,0.2,jps4,True,13.6275,2200,199
21,100,100,0.2,dijkstra,True,25.8991,7958,199
21,100,100,0.2,astar,True,19.0763,5353,199
21,100,100,0.2,jps4,True,15.1851,2433,199
22,100,100,0.2,dijkstra,True,26.9665,7972,198
22,100,100,0.2,astar,True,21.4572,5736,198
22,100,100,0.2,jps4,True,16.2995,2662,198
23,100,100,0.2,dijkstra,True,26.4204,7967,198
23,100,100,0.2,astar,True,18.7053,5106,198
23,100,100,0.2,jps4,True,14.8417,2362,198
24,100,100,0.2,dijkstra,True,25.403,7881,201
24,100,100,0.2,astar,True,21.8515,5990,201
24,100,100,0.2,jps4,True,19.3298,3036,201
25,100,100,0.2,dijkstra,True,26.8512,7998,198
25,100,100,0.2,astar,True,19.4686,5084,198
25,100,100,0.2,jps4,True,14.0935,2306,198
26,100,100,0.2,dijkstra,True,29.8021,8067,199
26,100,100,0.2,astar,True,22.2073,5758,199
26,100,100,0.2,jps4,True,17.5004,2576,199
27,100,100,0.2,dijkstra,True,26.8889,7977,207
27,100,100,0.2,astar,True,22.1216,5944,207
27,100,100,0.2,jps4,True,18.8051,2864,207
28,100,100,0.2,dijkstra,True,26.4811,7917,196
28,100,100,0.2,astar,True,17.7203,4813,196
28,100,100,0.2,jps4,True,14.461,2184,196
29,100,100,0.2,dijkstra,True,26.5664,7906,198
29,100,100,0.2,astar,True,24.544,6465,198
29,100,100,0.2,jps4,True,19.2523,3055,198
0,100,100,0.25,dijkstra,True,26.2576,7422,194
0,100,100,0.25,astar,True,11.3735,2802,194
0,100,100,0.25,jps4,True,9.257,1464,194
1,100,100,0.25,dijkstra,True,26.0478,7443,199
1,100,100,0.25,astar,True,12.1564,3414,199
1,100,100,0.25,jps4,True,10.9624,1810,199
2,100,100,0.25,dijkstra,True,24.9243,7407,198
2,100,100,0.25,astar,True,9.82,2745,198
2,100,100,0.25,jps4,True,7.9936,1418,198
3,100,100,0.25,dijkstra,True,26.5986,7513,199
3,100,100,0.25,astar,True,14.6438,4070,199
3,100,100,0.25,jps4,True,12.9522,2140,199
4,100,100,0.25,dijkstra,True,25.0727,7493,199
4,100,100,0.25,astar,True,15.0983,4021,199
4,100,100,0.25,jps4,True,12.3229,2042,199
5,100,100,0.25,dijkstra,True,25.7116,7386,201
5,100,100,0.25,astar,True,19.0753,5255,201
5,100,100,0.25,jps4,True,17.2924,2926,201
6,100,100,0.25,dijkstra,True,25.4937,7414,198
6,100,100,0.25,astar,True,6.5545,1671,198
6,100,100,0.25,jps4,True,5.3549,833,198
7,100,100,0.25,dijkstra,True,24.6117,7424,201
7,100,100,0.25,astar,True,24.4255,6183,201
7,100,100,0.25,jps4,True,21.7067,3665,201
8,100,100,0.25,dijkstra,True,24.569,7483,198
8,100,100,0.25,astar,True,18.4015,4851,198
8,100,100,0.25,jps4,True,15.7405,2537,198
9,100,100,0.25,dijkstra,True,23.7436,7409,195
9,100,100,0.25,astar,True,8.5071,2371,195
9,100,100,0.25,jps4,True,6.6399,1184,195
10,100,100,0.25,dijkstra,True,24.5521,7417,199
10,100,100,0.25,astar,True,12.6795,3420,199
10,100,100,0.25,jps4,True,10.8986,1783,199
11,100,100,0.25,dijkstra,True,25.0281,7465,199
11,100,100,0.25,astar,True,11.7703,3184,199
11,100,100,0.25,jps4,True,11.095,1651,199
12,100,100,0.25,dijkstra,True,24.0898,7455,199
12,100,100,0.25,astar,True,13.5182,3769,199
12,100,100,0.25,jps4,True,12.6965,1905,199
13,100,100,0.25,dijkstra,True,23.7714,7414,190
13,100,100,0.25,astar,True,11.93,3171,190
13,100,100,0.25,jps4,True,9.7568,1657,190
14,100,100,0.25,dijkstra,True,24.2597,7372,197
14,100,100,0.25,astar,True,16.852,4486,197
14,100,100,0.25,jps4,True,13.9602,2333,197
15,100,100,0.25,dijkstra,True,26.3166,7380,197
15,100,100,0.25,astar,True,8.4263,2369,197
15,100,100,0.25,jps4,True,8.412,1227,197
16,100,100,0.25,dijkstra,True,26.0174,7527,199
16,100,100,0.25,astar,True,18.7914,5076,199
16,100,100,0.25,jps4,True,16.2011,2629,199
17,100,100,0.25,dijkstra,True,23.6681,7426,196
17,100,100,0.25,astar,True,13.8042,3709,196
17,100,100,0.25,jps4,True,10.684,1936,196
18,100,100,0.25,dijkstra,True,31.1811,7471,199
18,100,100,0.25,astar,True,15.6056,4335,199
18,100,100,0.25,jps4,True,13.3599,2175,199
19,100,100,0.25,dijkstra,True,24.2245,7413,199
19,100,100,0.25,astar,True,15.4821,4039,199
19,100,100,0.25,jps4,True,14.0693,2074,199
20,100,100,0.25,dijkstra,True,23.9115,7313,207
20,100,100,0.25,astar,True,12.2014,3341,207
20,100,100,0.25,jps4,True,11.6143,1747,207
21,100,100,0.25,dijkstra,True,25.052,7431,204
21,100,100,0.25,astar,True,11.7618,3058,204
21,100,100,0.25,jps4,True,9.7,1569,204
22,100,100,0.25,dijkstra,True,27.5992,7466,199
22,100,100,0.25,astar,True,12.1488,3315,199
22,100,100,0.25,jps4,True,10.3335,1667,199
23,100,100,0.25,dijkstra,True,24.1722,7474,201
23,100,100,0.25,astar,True,23.0666,6274,201
23,100,100,0.25,jps4,True,22.4729,3798,201
24,100,100,0.25,dijkstra,True,25.1222,7490,199
24,100,100,0.25,astar,True,15.3165,4070,199
24,100,100,0.25,jps4,True,12.9506,2093,199
25,100,100,0.25,dijkstra,True,24.9675,7451,199
25,100,100,0.25,astar,True,14.7256,4094,199
25,100,100,0.25,jps4,True,12.7698,2152,199
26,100,100,0.25,dijkstra,True,24.5147,7417,204
26,100,100,0.25,astar,True,9.7806,2786,204
26,100,100,0.25,jps4,True,7.9029,1449,204
27,100,100,0.25,dijkstra,True,25.1534,7396,198
27,100,100,0.25,astar,True,13.111,3531,198
27,100,100,0.25,jps4,True,10.0575,1769,198
28,100,100,0.25,dijkstra,True,25.1564,7486,200
28,100,100,0.25,astar,True,18.4312,5172,200
28,100,100,0.25,jps4,True,16.2226,2726,200
29,100,100,0.25,dijkstra,True,26.9887,7364,207
29,100,100,0.25,astar,True,16.7707,4598,207
29,100,100,0.25,jps4,True,14.6982,2588,207
0,100,100,0.3,dijkstra,True,64.2717,6899,222
0,100,100,0.3,astar,True,25.4718,5755,222
0,100,100,0.3,jps4,True,19.2219,3453,222
1,100,100,0.3,dijkstra,True,21.8776,6678,195
1,100,100,0.3,astar,True,17.1271,4809,195
1,100,100,0.3,jps4,True,15.9237,2968,195
2,100,100,0.3,dijkstra,True,22.384,6893,207
2,100,100,0.3,astar,True,13.4014,3536,207
2,100,100,0.3,jps4,True,11.9205,1952,207
3,100,100,0.3,dijkstra,True,22.2861,6829,206
3,100,100,0.3,astar,True,16.9315,4922,206
3,100,100,0.3,jps4,True,16.692,2914,206
4,100,100,0.3,dijkstra,True,22.0709,6864,199
4,100,100,0.3,astar,True,8.7028,2560,199
4,100,100,0.3,jps4,True,7.675,1448,199
5,100,100,0.3,dijkstra,True,27.256,6724,201
5,100,100,0.3,astar,True,9.1319,2043,201
5,100,100,0.3,jps4,True,7.6329,1178,201
6,100,100,0.3,dijkstra,True,28.0082,6668,207
6,100,100,0.3,astar,True,21.641,5580,207
6,100,100,0.3,jps4,True,22.3709,3331,207
7,100,100,0.3,dijkstra,True,28.136,6972,202
7,100,100,0.3,astar,True,20.4904,4880,202
7,100,100,0.3,jps4,True,17.5633,2837,202
8,100,100,0.3,dijkstra,True,23.3126,6780,206
8,100,100,0.3,astar,True,22.349,5834,206
8,100,100,0.3,jps4,True,20.6964,3574,206
9,100,100,0.3,dijkstra,True,22.7973,6797,194
9,100,100,0.3,astar,True,20.9435,5424,194
9,100,100,0.3,jps4,True,17.9308,3203,194
10,100,100,0.3,dijkstra,True,22.5997,6747,223
10,100,100,0.3,astar,True,24.2791,6325,223
10,100,100,0.3,jps4,True,22.7746,3943,223
11,100,100,0.3,dijkstra,True,22.0913,6863,216
11,100,100,0.3,astar,True,9.1754,2544,216
11,100,100,0.3,jps4,True,7.5685,1408,216
12,100,100,0.3,dijkstra,True,21.5637,6792,210
12,100,100,0.3,astar,True,15.1424,3962,210
12,100,100,0.3,jps4,True,13.6553,2394,210
13,100,100,0.3,dijkstra,True,23.5911,6818,207
13,100,100,0.3,astar,True,21.4045,5753,207
13,100,100,0.3,jps4,True,21.1858,3499,207
14,100,100,0.3,dijkstra,True,21.8406,6801,202
14,100,100,0.3,astar,True,6.0312,1710,202
14,100,100,0.3,jps4,True,4.9775,940,202
15,100,100,0.3,dijkstra,True,22.4272,6928,203
15,100,100,0.3,astar,True,21.8523,5793,203
15,100,100,0.3,jps4,True,19.6312,3482,203
16,100,100,0.3,dijkstra,True,22.7311,6831,209
16,100,100,0.3,astar,True,6.7173,1969,209
16,100,100,0.3,jps4,True,5.7342,1105,209
17,100,100,0.3,dijkstra,True,21.7007,6912,204
17,100,100,0.3,astar,True,8.5682,2395,204
17,100,100,0.3,jps4,True,7.6745,1367,204
18,100,100,0.3,dijkstra,True,21.9759,6794,202
18,100,100,0.3,astar,True,5.2878,1361,202
18,100,100,0.3,jps4,True,4.2177,782,202
19,100,100,0.3,dijkstra,True,23.5822,6902,207
19,100,100,0.3,astar,True,18.8618,5029,207
19,100,100,0.3,jps4,True,16.8254,3009,207
20,100,100,0.3,dijkstra,True,21.6514,6873,207
20,100,100,0.3,astar,True,19.1802,5303,207
20,100,100,0.3,jps4,True,18.219,3168,207
21,100,100,0.3,dijkstra,True,24.0247,6966,202
21,100,100,0.3,astar,True,5.3299,1513,202
21,100,100,0.3,jps4,True,4.571,830,202
22,100,100,0.3,dijkstra,True,22.9112,6803,204
22,100,100,0.3,astar,True,5.484,1514,204
22,100,100,0.3,jps4,True,4.5767,812,204
23,100,100,0.3,dijkstra,True,24.1204,6867,199
23,100,100,0.3,astar,True,4.4789,1255,199
23,100,100,0.3,jps4,True,3.3872,666,199
24,100,100,0.3,dijkstra,True,22.1743,6804,216
24,100,100,0.3,astar,True,10.6555,3069,216
24,100,100,0.3,jps4,True,9.4008,1741,216
25,100,100,0.3,dijkstra,True,21.6709,6869,205
25,100,100,0.3,astar,True,12.2265,3450,205
25,100,100,0.3,jps4,True,11.67,2018,205
26,100,100,0.3,dijkstra,True,22.5779,6892,211
26,100,100,0.3,astar,True,20.2977,5639,211
26,100,100,0.3,jps4,True,19.4266,3415,211
27,100,100,0.3,dijkstra,True,22.4387,6908,203
27,100,100,0.3,astar,True,17.6516,4951,203
27,100,100,0.3,jps4,True,16.9476,2896,203
28,100,100,0.3,dijkstra,True,23.054,6889,203
28,100,100,0.3,astar,True,11.2343,3019,203
28,100,100,0.3,jps4,True,9.5923,1700,203
29,100,100,0.3,dijkstra,True,22.5832,6896,201
29,100,100,0.3,astar,True,17.215,4539,201
29,100,100,0.3,jps4,True,14.5766,2555,201
0,100,100,0.35,dijkstra,True,19.8174,5954,247
0,100,100,0.35,astar,True,16.8684,4595,247
0,100,100,0.35,jps4,True,16.0897,2756,247
1,100,100,0.35,dijkstra,True,19.7244,6141,220
1,100,100,0.35,astar,True,19.3351,5276,220
1,100,100,0.35,jps4,True,16.3205,3199,220
2,100,100,0.35,dijkstra,True,18.475,5726,250
2,100,100,0.35,astar,True,14.6545,4240,250
2,100,100,0.35,jps4,True,14.2676,2521,250
3,100,100,0.35,dijkstra,True,19.0506,6144,224
3,100,100,0.35,astar,True,7.5083,2216,224
3,100,100,0.35,jps4,True,6.8216,1346,224
4,100,100,0.35,dijkstra,True,18.6209,5835,207
4,100,100,0.35,astar,True,12.0763,3203,207
4,100,100,0.35,jps4,True,10.3976,1945,207
5,100,100,0.35,dijkstra,True,20.0147,6180,223
5,100,100,0.35,astar,True,16.6125,4595,223
5,100,100,0.35,jps4,True,15.6498,2855,223
6,100,100,0.35,dijkstra,True,18.9681,5874,206
6,100,100,0.35,astar,True,12.7475,3526,206
6,100,100,0.35,jps4,True,11.7635,2068,206
7,100,100,0.35,dijkstra,True,18.0753,5668,204
7,100,100,0.35,astar,True,3.9509,1232,204
7,100,100,0.35,jps4,True,3.5818,698,204
8,100,100,0.35,dijkstra,True,18.3462,5826,210
8,100,100,0.35,astar,True,16.4229,4840,210
8,100,100,0.35,jps4,True,16.4474,2962,210
9,100,100,0.35,dijkstra,True,19.4872,6230,221
9,100,100,0.35,astar,True,13.9065,4077,221
9,100,100,0.35,jps4,True,13.2871,2458,221
10,100,100,0.35,dijkstra,True,19.7435,6082,215
10,100,100,0.35,astar,True,16.4183,4231,215
10,100,100,0.35,jps4,True,13.925,2585,215
11,100,100,0.35,dijkstra,True,18.3662,5898,245
11,100,100,0.35,astar,True,13.4989,4089,245
11,100,100,0.35,jps4,True,13.2624,2441,245
12,100,100,0.35,dijkstra,True,20.2224,6041,223
12,100,100,0.35,astar,True,18.435,5382,223
12,100,100,0.35,jps4,True,17.082,3146,223
13,100,100,0.35,dijkstra,True,0.0377,8,5
13,100,100,0.35,astar,True,0.0257,6,5
13,100,100,0.35,jps4,True,0.0419,4,5
14,100,100,0.35,dijkstra,True,20.8283,6061,223
14,100,100,0.35,astar,True,12.9227,3841,223
14,100,100,0.35,jps4,True,11.7107,2224,223
15,100,100,0.35,dijkstra,True,19.2596,6017,210
15,100,100,0.35,astar,True,12.4082,3179,210
15,100,100,0.35,jps4,True,10.0474,1856,210
16,100,100,0.35,dijkstra,True,18.51,5823,238
16,100,100,0.35,astar,True,14.5932,4109,238
16,100,100,0.35,jps4,True,13.1621,2483,238
17,100,100,0.35,dijkstra,True,19.0556,6006,258
17,100,100,0.35,astar,True,17.3726,4764,258
17,100,100,0.35,jps4,True,15.8479,2934,258
18,100,100,0.35,dijkstra,True,19.4111,6078,211
18,100,100,0.35,astar,True,16.0761,4563,211
18,100,100,0.35,jps4,True,14.702,2753,211
19,100,100,0.35,dijkstra,True,19.6373,5982,228
19,100,100,0.35,astar,True,10.9952,3191,228
19,100,100,0.35,jps4,True,10.9901,1940,228
20,100,100,0.35,dijkstra,True,18.1724,6017,211
20,100,100,0.35,astar,True,5.4868,1557,211
20,100,100,0.35,jps4,True,4.7081,988,211
21,100,100,0.35,dijkstra,True,19.5816,6278,215
21,100,100,0.35,astar,True,7.5302,2390,215
21,100,100,0.35,jps4,True,6.8764,1376,215
22,100,100,0.35,dijkstra,True,20.1467,5980,233
22,100,100,0.35,astar,True,9.951,2709,233
22,100,100,0.35,jps4,True,9.0843,1582,233
23,100,100,0.35,dijkstra,True,20.4508,6217,196
23,100,100,0.35,astar,True,15.4681,4538,196
23,100,100,0.35,jps4,True,14.6034,2712,196
24,100,100,0.35,dijkstra,True,20.8903,6218,217
24,100,100,0.35,astar,True,17.0316,4829,217
24,100,100,0.35,jps4,True,16.3984,2964,217
25,100,100,0.35,dijkstra,True,0.0371,3,3
25,100,100,0.35,astar,True,0.0146,3,3
25,100,100,0.35,jps4,True,0.0284,3,3
26,100,100,0.35,dijkstra,True,19.0813,5942,216
26,100,100,0.35,astar,True,16.0326,4380,216
26,100,100,0.35,jps4,True,13.8871,2649,216
27,100,100,0.35,dijkstra,True,19.088,6086,210
27,100,100,0.35,astar,True,16.9123,4886,210
27,100,100,0.35,jps4,True,18.0058,3013,210
28,100,100,0.35,dijkstra,True,18.8614,5871,214
28,100,100,0.35,astar,True,4.1257,1236,214
28,100,100,0.35,jps4,True,3.7112,715,214
29,100,100,0.35,dijkstra,True,19.7741,5984,219
29,100,100,0.35,astar,True,11.1969,3131,219
29,100,100,0.35,jps4,True,9.6172,1926,219
0,100,100,0.4,dijkstra,True,0.042,7,7
0,100,100,0.4,astar,True,0.0439,7,7
0,100,100,0.4,jps4,True,0.0538,4,7
1,100,100,0.4,dijkstra,True,29.5607,3781,291
1,100,100,0.4,astar,True,13.1227,2986,291
1,100,100,0.4,jps4,True,10.2059,1845,291
2,100,100,0.4,dijkstra,True,3.9405,1387,160
2,100,100,0.4,astar,True,2.6178,776,160
2,100,100,0.4,jps4,True,2.4111,460,160
3,100,100,0.4,dijkstra,True,5.606,1660,162
3,100,100,0.4,astar,True,3.4448,1088,162
3,100,100,0.4,jps4,True,3.0924,674,162
4,100,100,0.4,dijkstra,True,13.0378,4214,393
4,100,100,0.4,astar,True,12.7755,4101,393
4,100,100,0.4,jps4,True,12.4732,2484,393
5,100,100,0.4,dijkstra,True,0.8345,296,71
5,100,100,0.4,astar,True,0.8443,260,71
5,100,100,0.4,jps4,True,1.0794,156,71
6,100,100,0.4,dijkstra,True,12.4974,3810,338
6,100,100,0.4,astar,True,11.7817,3580,338
6,100,100,0.4,jps4,True,10.8909,2145,338
7,100,100,0.4,dijkstra,True,1.7724,482,87
7,100,100,0.4,astar,True,0.9885,327,87
7,100,100,0.4,jps4,True,0.9889,200,87
8,100,100,0.4,dijkstra,True,0.6216,230,51
8,100,100,0.4,astar,True,0.5004,152,51
8,100,100,0.4,jps4,True,0.4243,84,51
9,100,100,0.4,dijkstra,True,13.9026,4594,351
9,100,100,0.4,astar,True,14.2497,4286,351
9,100,100,0.4,jps4,True,13.0479,2618,351
10,100,100,0.4,dijkstra,True,0.113,34,22
10,100,100,0.4,astar,True,0.1148,33,22
10,100,100,0.4,jps4,True,0.12,17,22
11,100,100,0.4,dijkstra,True,13.773,4317,232
11,100,100,0.4,astar,True,10.5835,2952,232
11,100,100,0.4,jps4,True,9.1712,1781,232
12,100,100,0.4,dijkstra,True,11.8522,3715,317
12,100,100,0.4,astar,True,12.3825,3637,317
12,100,100,0.4,jps4,True,11.4185,2258,317
13,100,100,0.4,dijkstra,True,15.2249,4892,419
13,100,100,0.4,astar,True,17.0094,4884,419
13,100,100,0.4,jps4,True,14.9016,2915,419
14,100,100,0.4,dijkstra,True,2.2585,846,98
14,100,100,0.4,astar,True,1.3791,451,98
14,100,100,0.4,jps4,True,1.4475,267,98
15,100,100,0.4,dijkstra,True,11.0514,3763,403
15,100,100,0.4,astar,True,11.7596,3591,403
15,100,100,0.4,jps4,True,11.2657,2186,403
16,100,100,0.4,dijkstra,True,11.3715,3359,353
16,100,100,0.4,astar,True,10.0892,2959,353
16,100,100,0.4,jps4,True,8.8819,1757,353
17,100,100,0.4,dijkstra,True,13.5815,4452,257
17,100,100,0.4,astar,True,8.9063,2676,257
17,100,100,0.4,jps4,True,8.4974,1671,257
18,100,100,0.4,dijkstra,True,13.0028,4053,284
18,100,100,0.4,astar,True,9.7452,2938,284
18,100,100,0.4,jps4,True,8.9629,1737,284
19,100,100,0.4,dijkstra,True,0.1638,51,18
19,100,100,0.4,astar,True,0.1105,35,18
19,100,100,0.4,jps4,True,0.1255,26,18
20,100,100,0.4,dijkstra,True,14.4703,4707,278
20,100,100,0.4,astar,True,10.3415,3302,278
20,100,100,0.4,jps4,True,9.9735,2004,278
21,100,100,0.4,dijkstra,True,10.7174,3588,245
21,100,100,0.4,astar,True,5.3986,1800,245
21,100,100,0.4,jps4,True,5.3778,1115,245
22,100,100,0.4,dijkstra,True,13.5048,4326,316
22,100,100,0.4,astar,True,13.0028,3797,316
22,100,100,0.4,jps4,True,11.2488,2338,316
23,100,100,0.4,dijkstra,True,0.2683,93,29
23,100,100,0.4,astar,True,0.268,90,29
23,100,100,0.4,jps4,True,0.2507,54,29
24,100,100,0.4,dijkstra,True,0.269,89,31
24,100,100,0.4,astar,True,0.1953,56,31
24,100,100,0.4,jps4,True,0.2189,41,31
25,100,100,0.4,dijkstra,True,0.1377,43,20
25,100,100,0.4,astar,True,0.1288,33,20
25,100,100,0.4,jps4,True,0.432,21,20
26,100,100,0.4,dijkstra,True,9.4613,2852,238
26,100,100,0.4,astar,True,8.4978,2278,238
26,100,100,0.4,jps4,True,7.3403,1414,238
27,100,100,0.4,dijkstra,True,2.4719,779,134
27,100,100,0.4,astar,True,1.7154,536,134
27,100,100,0.4,jps4,True,1.4155,318,134
28,100,100,0.4,dijkstra,True,0.3983,142,50
28,100,100,0.4,astar,True,0.349,112,50
28,100,100,0.4,jps4,True,0.3787,75,50
29,100,100,0.4,dijkstra,True,8.3435,2882,265
29,100,100,0.4,astar,True,7.7726,2401,265
29,100,100,0.4,jps4,True,6.9148,1449,265
